cik,name,filing_date,fraudulent,_audit_word_count
914712,CMGI INC,2002-10-29,0,21584
914712,CMGI INC,2005-10-14,0,20213
914712,ModusLink Global Solutions Inc,2013-01-11,1,20765
886035,GENERAL CABLE CORP /DE/,2007-03-01,0,21928
876883,MDC PARTNERS INC,2017-03-01,0,20480
876883,MDC PARTNERS INC,2018-03-01,0,25083
859475,TRIDENT MICROSYSTEMS INC,2007-08-07,1,27031
919742,GLOBETEL COMMUNICATIONS CORP,2006-03-31,1,38774
833444,TYCO INTERNATIONAL LTD /BER/,2004-12-14,1,23503
833444,TYCO INTERNATIONAL LTD /BER/,2008-11-19,1,24091
1054374,BROADCOM CORP,2004-03-15,1,28446
1054374,BROADCOM CORP,2002-03-19,1,20405
1054374,BROADCOM CORP,2003-03-31,1,22792
1054374,BROADCOM CORP,2005-03-01,0,28499
1054374,BROADCOM CORP,2009-02-04,0,20616
1054374,BROADCOM CORP,2010-02-03,0,22184
1054374,BROADCOM CORP,2011-02-02,0,21800
867058,MERCURY INTERACTIVE CORPORATION,2004-03-05,1,20060
867058,MERCURY INTERACTIVE CORP,2005-03-14,1,22625
867058,MERCURY INTERACTIVE CORP,2006-10-05,1,20962
101829,RAYTHEON TECHNOLOGIES CORP,2022-02-11,1,21608
101829,RAYTHEON TECHNOLOGIES CORP,2021-02-08,1,22997
101829,RAYTHEON TECHNOLOGIES CORP,2023-02-07,1,20861
101829,RTX Corp,2025-02-03,0,21421
1090727,UNITED PARCEL SERVICE INC,2014-02-28,0,21844
1090727,UNITED PARCEL SERVICE INC,2015-02-27,0,20143
1090727,UNITED PARCEL SERVICE INC,2019-02-21,0,21649
1090727,UNITED PARCEL SERVICE INC,2017-02-21,0,20906
1090727,UNITED PARCEL SERVICE INC,2018-02-21,0,20641
1407703,FirstEnergy Solutions Corp.,2015-02-17,0,40956
20947,CLEVELAND ELECTRIC ILLUMINATING CO,2010-02-19,0,51913
53456,JERSEY CENTRAL POWER & LIGHT CO,2013-02-25,0,44661
1031296,FIRSTENERGY CORP,2016-02-16,0,40200
20947,CLEVELAND ELECTRIC ILLUMINATING CO,2011-02-16,0,42986
1031296,FIRSTENERGY CORP,2019-02-19,1,31162
1031296,FIRSTENERGY CORP,2018-02-20,1,41496
1031296,FIRSTENERGY CORP,2017-02-21,0,42175
20947,CLEVELAND ELECTRIC ILLUMINATING CO,2012-02-28,0,49471
1031296,FIRSTENERGY CORP,2014-02-27,0,44098
1031296,FIRSTENERGY CORP,2020-02-10,1,25507
1031296,FIRSTENERGY CORP,2023-02-13,0,31523
1031296,FIRSTENERGY CORP,2021-02-18,1,32351
1031296,FIRSTENERGY CORP,2024-02-13,0,35547
1031296,FIRSTENERGY CORP,2022-02-16,0,31450
1031296,FIRSTENERGY CORP,2025-02-27,0,41252
784977,PORTLAND GENERAL ELECTRIC CO /OR/,2003-03-17,0,22187
784977,PORTLAND GENERAL ELECTRIC CO /OR/,2004-03-22,0,22308
784977,PORTLAND GENERAL ELECTRIC CO /OR/,2006-03-16,0,22961
784977,PORTLAND GENERAL ELECTRIC CO /OR/,2005-03-11,0,23652
784977,PORTLAND GENERAL ELECTRIC CO /OR/,2007-03-02,0,23595
814453,NEWELL RUBBERMAID INC,2014-03-03,0,20626
814453,NEWELL RUBBERMAID INC,2015-03-02,0,24184
1168165,EXELON GENERATION CO LLC,2003-03-21,0,41067
1168165,EXELON GENERATION CO LLC,2004-02-20,0,40555
915913,ALBEMARLE CORP,2016-02-29,1,20355
915913,ALBEMARLE CORP,2018-02-28,1,21014
915913,ALBEMARLE CORP,2019-02-27,1,21389
915913,ALBEMARLE CORP,2023-02-15,0,20077
915913,ALBEMARLE CORP,2025-02-12,0,20704
1109357,EXELON CORP,2006-02-15,0,33709
1168165,EXELON GENERATION CO LLC,2007-02-13,0,36047
1168165,EXELON GENERATION CO LLC,2005-02-23,0,39095
1168165,EXELON GENERATION CO LLC,2009-02-06,0,45959
1168165,EXELON GENERATION CO LLC,2008-02-07,0,43671
1168165,EXELON GENERATION CO LLC,2010-02-05,0,35462
1168165,EXELON GENERATION CO LLC,2011-02-10,0,37536
1168165,EXELON GENERATION CO LLC,2012-02-09,0,42550
1168165,EXELON GENERATION CO LLC,2013-02-22,0,45693
1109357,EXELON CORP,2015-02-13,1,49721
8192,ATLANTIC CITY ELECTRIC CO,2017-02-13,0,61656
1109357,EXELON CORP,2020-02-11,1,34434
1109357,EXELON CORP,2014-02-14,1,46749
1109357,EXELON CORP,2016-02-10,1,51365
1109357,EXELON CORP,2021-02-24,1,32807
915913,ALBEMARLE CORP,2024-02-15,0,21437
1109357,EXELON CORP,2023-02-14,0,24752
1109357,EXELON CORP,2025-02-12,0,22720
1109357,EXELON CORP,2024-02-21,0,23814
1109357,EXELON CORP,2022-02-25,0,30786
814453,NEWELL RUBBERMAID INC,2016-02-29,0,28849
814453,NEWELL BRANDS INC,2017-03-01,1,22829
1093691,PLUG POWER INC,2021-05-14,1,20604
1093691,PLUG POWER INC,2025-03-03,0,22262
66740,3M CO,2009-02-17,0,20140
66740,3M CO,2010-02-16,0,20378
66740,3M CO,2019-02-07,1,21165
66740,3M CO,2021-02-04,0,20072
1334978,"Clear Channel Outdoor Holdings, Inc.",2010-03-16,0,22336
1334978,"Clear Channel Outdoor Holdings, Inc.",2019-03-05,1,21052
1550603,"MALVERN BANCORP, INC.",2015-12-23,0,20836
1550603,"MALVERN BANCORP, INC.",2014-12-18,0,20967
63276,MATTEL INC /DE/,2004-03-12,0,20216
63276,MATTEL INC /DE/,2005-03-08,0,20436
1050441,EAGLE BANCORP INC,2011-03-15,0,23361
1050441,EAGLE BANCORP INC,2012-03-15,0,24226
1050441,EAGLE BANCORP INC,2014-03-14,0,23534
1050441,EAGLE BANCORP INC,2013-03-18,0,24241
1050441,EAGLE BANCORP INC,2015-03-02,0,23606
1050441,EAGLE BANCORP INC,2016-02-29,1,22776
1050441,EAGLE BANCORP INC,2018-03-01,1,22330
