column,null_nan,empty_string,whitespace_only,null_percent
cik,0,0,0,0.0
name,0,0,0,0.0
city,0,0,0,0.0
state,0,0,0,0.0
sic,605,0,0,0.8781606525967428
incorp_state,0,0,0,0.0
filing_type,0,0,0,0.0
fye,0,0,0,0.0
filing_date,0,0,0,0.0
reporting_date,0,0,0,0.0
url,0,0,0,0.0
mda,0,0,0,0.0
late_filing,0,0,0,0.0
transition_filing,0,0,0,0.0
amend_filing,0,0,0,0.0
dateTime,61970,61970,0,89.94977791970274
respondents,61970,61970,0,89.94977791970274
fraud_start,61970,61970,0,89.94977791970274
fraud_end,61970,61970,0,89.94977791970274
revoked,68700,68700,0,99.71840798908468
certainty_start,61970,0,0,89.94977791970274
certainty_end,61970,0,0,89.94977791970274
17a,61992,0,0,89.98171103434261
17a2,61992,0,0,89.98171103434261
17a3,61992,0,0,89.98171103434261
17b,61992,0,0,89.98171103434261
5a,61992,0,0,89.98171103434261
5b1,61992,0,0,89.98171103434261
5c,61992,0,0,89.98171103434261
10b,61992,0,0,89.98171103434261
13a,61992,0,0,89.98171103434261
12b20,61992,0,0,89.98171103434261
12b25,61992,0,0,89.98171103434261
13a1,61992,0,0,89.98171103434261
13a10,61992,0,0,89.98171103434261
13a11,61992,0,0,89.98171103434261
13a13,61992,0,0,89.98171103434261
13a14,61992,0,0,89.98171103434261
13a16,61992,0,0,89.98171103434261
13b2A,61992,0,0,89.98171103434261
13b2B,61992,0,0,89.98171103434261
13a15,61992,0,0,89.98171103434261
13b5,61992,0,0,89.98171103434261
14a,61992,0,0,89.98171103434261
14c,61992,0,0,89.98171103434261
19a,61992,0,0,89.98171103434261
30A,61992,0,0,89.98171103434261
100a2,61992,0,0,89.98171103434261
100b,61992,0,0,89.98171103434261
105c7B,61992,0,0,89.98171103434261
corruption,61970,0,0,89.94977791970274
amis,61970,0,0,89.94977791970274
fsf,61970,0,0,89.94977791970274
fraudulent,0,0,0,0.0
char_count,0,0,0,0.0
word_count,0,0,0,0.0
word_density,0,0,0,0.0
