_filing_year,total,fraud,fraud_rate
1994,171,1,0.005847953216374269
1995,201,5,0.024875621890547265
1996,489,15,0.03067484662576687
1997,778,31,0.03984575835475578
1998,876,49,0.05593607305936073
1999,982,66,0.06720977596741344
2000,1079,83,0.07692307692307693
2001,1155,105,0.09090909090909091
2002,1242,116,0.09339774557165861
2003,1300,97,0.07461538461538461
2004,1382,85,0.06150506512301013
2005,1466,73,0.049795361527967257
2006,1548,61,0.03940568475452196
2007,1627,55,0.03380454824830977
2008,1791,51,0.02847571189279732
2009,2136,58,0.027153558052434457
2010,2196,69,0.031420765027322405
2011,2297,68,0.029603831084022637
2012,2381,60,0.0251994960100798
2013,2461,57,0.023161316537992686
2014,2604,49,0.01881720430107527
2015,2720,56,0.020588235294117647
2016,2833,53,0.018708083303918106
2017,2941,55,0.01870112206732404
2018,3094,53,0.01712992889463478
2019,3216,45,0.013992537313432836
2020,3394,33,0.009723040659988214
2021,3785,21,0.005548216644649934
2022,4198,16,0.003811338732729871
2023,4324,8,0.0018501387604070306
2024,4430,2,0.0004514672686230248
2025,3797,0,0.0
